ENSG00000187642	PERM1
ENSG00000131584	ACAP3
ENSG00000127054	INTS11
ENSG00000215915	ATAD3C
ENSG00000008128	CDK11A
ENSG00000142609	CFAP74
ENSG00000067606	PRKCZ
ENSG00000157881	PANK4
ENSG00000130762	ARHGEF16
ENSG00000078900	TP73
ENSG00000116198	CEP104
ENSG00000169598	DFFB
ENSG00000131697	NPHP4
ENSG00000116251	RPL22
ENSG00000158286	RNF207
ENSG00000097021	ACOT7
ENSG00000120948	TARDBP
ENSG00000215910	C1orf167
ENSG00000120949	TNFRSF8
ENSG00000132906	CASP9
ENSG00000197312	DDI2
ENSG00000142632	ARHGEF19
ENSG00000219481	NBPF1
ENSG00000117245	KIF17
ENSG00000117298	ECE1
ENSG00000187942	LDLRAD2
ENSG00000117318	ID3
ENSG00000142676	RPL11
ENSG00000117305	HMGCL
ENSG00000001460	STPG1
ENSG00000020633	RUNX3
ENSG00000183726	TMEM50A
ENSG00000157978	LDLRAP1
ENSG00000162430	SELENON
ENSG00000117632	STMN1
ENSG00000130695	CEP85
ENSG00000117682	DHDDS
ENSG00000142748	FCN3
ENSG00000158161	EYA3
ENSG00000204138	PHACTR4
ENSG00000198492	YTHDF2
ENSG00000116350	SRSF4
ENSG00000121764	HCRTR1
ENSG00000121775	TMEM39B
ENSG00000116478	HDAC1
ENSG00000160058	BSDC1
ENSG00000116497	S100PBP
ENSG00000176256	HMGB4
ENSG00000163866	SMIM12
ENSG00000214193	SH3D21
ENSG00000119535	CSF3R
ENSG00000116922	C1orf109
ENSG00000183317	EPHA10
ENSG00000127603	MACF1
ENSG00000084072	PPIE
ENSG00000127124	HIVEP3
ENSG00000243710	CFAP57
ENSG00000066322	ELOVL1
ENSG00000142949	PTPRF
ENSG00000117410	ATP6V0B
ENSG00000178028	DMAP1
ENSG00000126106	TMEM53
ENSG00000198520	ARMH1
ENSG00000142937	RPS8
ENSG00000126088	UROD
ENSG00000280670	CCDC163
ENSG00000117481	NSUN4
ENSG00000162456	KNCN
ENSG00000162373	BEND5
ENSG00000154222	CC2D1B
ENSG00000134744	TUT4
ENSG00000121310	ECHDC2
ENSG00000162384	CZIB
ENSG00000058799	YIPF1
ENSG00000184313	MROH7
ENSG00000162601	MYSM1
ENSG00000162598	C1orf87
ENSG00000132849	PATJ
ENSG00000158966	CACHD1
ENSG00000162433	AK4
ENSG00000213625	LEPROT
ENSG00000203963	C1orf141
ENSG00000050628	PTGER3
ENSG00000117054	ACADM
ENSG00000117114	ADGRL2
ENSG00000137941	TTLL7
ENSG00000203943	SAMD13
ENSG00000153898	MCOLN2
ENSG00000055732	MCOLN3
ENSG00000097096	SYDE2
ENSG00000153904	DDAH1
ENSG00000065243	PKN2
ENSG00000137944	KYAT3
ENSG00000117226	GBP3
ENSG00000122482	ZNF644
ENSG00000067334	DNTTIP2
ENSG00000143036	SLC44A3
ENSG00000162627	SNX7
ENSG00000162688	AGL
ENSG00000117620	SLC35A3
ENSG00000118733	OLFM3
ENSG00000162631	NTNG1
ENSG00000196358	NTNG2
ENSG00000179902	CFAP276
ENSG00000221986	MYBPHL
ENSG00000162650	ATXN7L2
ENSG00000168765	GSTM4
ENSG00000197106	SLC6A17
ENSG00000121933	TMIGD3
ENSG00000007341	ST7L
ENSG00000155367	PPM1J
ENSG00000155380	SLC16A1
ENSG00000118655	DCLRE1B
ENSG00000116815	CD58
ENSG00000265491	RNF115
ENSG00000263956	NBPF11
ENSG00000203814	H2BC18
ENSG00000270276	H4C15
ENSG00000014914	MTMR11
ENSG00000118298	CA14
ENSG00000117360	PRPF3
ENSG00000143382	ADAMTSL4
ENSG00000143409	MINDY1
ENSG00000143363	PRUNE1
ENSG00000197622	CDC42SE1
ENSG00000143390	RFX5
ENSG00000143436	MRPL9
ENSG00000182134	TDRKH
ENSG00000159445	THEM4
ENSG00000143546	S100A8
ENSG00000197956	S100A6
ENSG00000196154	S100A4
ENSG00000189171	S100A13
ENSG00000160767	FAM189B
ENSG00000163374	YY1AP1
ENSG00000163479	SSR2
ENSG00000160783	PMF1
ENSG00000160781	PAQR6
ENSG00000160856	FCRL3
ENSG00000132704	FCRL2
ENSG00000162746	FCRLB
ENSG00000132681	ATP1A4
ENSG00000117090	SLAMF1
ENSG00000186517	ARHGAP30
ENSG00000143222	UFC1
ENSG00000158887	MPZ
ENSG00000203747	FCGR3A
ENSG00000162746	FCRLB
ENSG00000132185	FCRLA
ENSG00000185860	CCDC190
ENSG00000143198	MGST3
ENSG00000198821	CD247
ENSG00000143156	NME7
ENSG00000117477	CCDC181
ENSG00000120370	GORAB
ENSG00000117533	VAMP4
ENSG00000183831	ANKRD45
ENSG00000120333	MRPS14
ENSG00000143207	COP1
ENSG00000152092	ASTN1
ENSG00000120341	SEC16B
ENSG00000143322	ABL2
ENSG00000162779	AXDND1
ENSG00000198216	CACNA1E
ENSG00000135838	NPL
ENSG00000135829	DHX9
ENSG00000198860	TSEN15
ENSG00000073756	PTGS2
ENSG00000134376	CRB1
ENSG00000213047	DENND1B
ENSG00000081237	PTPRC
ENSG00000116833	NR5A2
ENSG00000134369	NAV1
ENSG00000143851	PTPN7
ENSG00000182004	SNRPE
ENSG00000163531	NFASC
ENSG00000117266	CDK18
ENSG00000266028	SRGAP2
ENSG00000196220	SRGAP3
ENSG00000203710	CR1
ENSG00000117335	CD46
ENSG00000117625	RCOR3
ENSG00000143499	SMYD2
ENSG00000152104	PTPN14
ENSG00000082482	KCNK2
ENSG00000118873	RAB3GAP2
ENSG00000162819	BROX
ENSG00000162923	WDR26
ENSG00000168159	RNF187
ENSG00000154429	CCSAP
ENSG00000135766	EGLN1
ENSG00000168264	IRF2BP2
ENSG00000188739	RBM34
ENSG00000143669	LYST
ENSG00000143702	CEP170
ENSG00000179397	CATSPERE
ENSG00000203667	COX20
ENSG00000153187	HNRNPU
ENSG00000197472	ZNF695
ENSG00000035115	SH3YL1
ENSG00000189292	ALKAL2
ENSG00000171863	RPS7
ENSG00000118004	COLEC11
ENSG00000119185	ITGB1BP1
ENSG00000134330	IAH1
ENSG00000151694	ADAM17
ENSG00000134317	GRHL1
ENSG00000169016	E2F6
ENSG00000119771	KLHL29
ENSG00000219626	FAM228B
ENSG00000119772	DNMT3A
ENSG00000138101	DTNB
ENSG00000138018	SELENOI
ENSG00000173567	ADGRF3
ENSG00000115163	CENPA
ENSG00000084693	AGBL5
ENSG00000138030	KHK
ENSG00000143994	ABHD1
ENSG00000138073	PREB
ENSG00000115234	SNX17
ENSG00000158019	BABAM2
ENSG00000171174	RBKS
ENSG00000163803	PLB1
ENSG00000115808	STRN
ENSG00000115825	PRKD3
ENSG00000138050	THUMPD2
ENSG00000068724	TTC7A
ENSG00000138081	FBXO11
ENSG00000068878	PSME4
ENSG00000143947	RPS27A
ENSG00000115355	CCDC88A
ENSG00000115421	PAPOLG
ENSG00000115504	EHBP1
ENSG00000143951	WDPCP
ENSG00000014641	MDH1
ENSG00000169764	UGP2
ENSG00000143952	VPS54
ENSG00000119844	AFTPH
ENSG00000163219	ARHGAP25
ENSG00000169599	NFU1
ENSG00000035141	FAM136A
ENSG00000144040	SFXN5
ENSG00000114956	DGUOK
ENSG00000114993	RTKN
ENSG00000115282	TTC31
ENSG00000179528	LBX2
ENSG00000115289	PCGF1
ENSG00000115307	AUP1
ENSG00000115317	HTRA2
ENSG00000115325	DOK1
ENSG00000111339	ART4
ENSG00000135622	SEMA4F
ENSG00000162951	LRRTM1
ENSG00000115486	GGCX
ENSG00000115523	GNLY
ENSG00000168874	ATOH8
ENSG00000115525	ST3GAL5
ENSG00000132305	IMMT
ENSG00000115041	KCNIP3
ENSG00000144010	TRIM43B
ENSG00000114982	KANSL3
ENSG00000168754	FAM178B
ENSG00000135976	ANKRD36
ENSG00000196912	ANKRD36B
ENSG00000168658	VWA3B
ENSG00000071073	MGAT4A
ENSG00000158411	MITD1
ENSG00000170417	TMEM182
ENSG00000198075	SULT1C4
ENSG00000135968	GCC2
ENSG00000186522	SEPTIN10
ENSG00000015568	RGPD5
ENSG00000256977	LIMS3
ENSG00000256671	LIMS4
ENSG00000169679	BUB1
ENSG00000153214	TMEM87B
ENSG00000125630	POLR1B
ENSG00000125538	IL1B
ENSG00000136689	IL1RN
ENSG00000115084	SLC35F5
ENSG00000163075	CFAP221
ENSG00000155438	NIFK
ENSG00000211460	TSN
ENSG00000163161	ERCC3
ENSG00000163166	IWS1
ENSG00000169994	MYO7B
ENSG00000136699	SMPD4
ENSG00000152082	MZT2B
ENSG00000136718	IMP4
ENSG00000005206	SPPL2B
ENSG00000196497	IPO4
ENSG00000163046	ANKRD30BL
ENSG00000082258	CCNT2
ENSG00000176601	MAP3K19
ENSG00000169554	ZEB2
ENSG00000168280	KIF5C
ENSG00000115145	STAM2
ENSG00000153237	CCDC148
ENSG00000144283	PKP4
ENSG00000115183	TANC1
ENSG00000123636	BAZ2B
ENSG00000054219	LY75
ENSG00000153250	RBMS1
ENSG00000144290	SLC4A10
ENSG00000197635	DPP4
ENSG00000078098	FAP
ENSG00000136531	SCN2A
ENSG00000123607	TTC21B
ENSG00000123600	METTL8
ENSG00000077380	DYNC1I2
ENSG00000172845	SP3
ENSG00000128656	CHN1
ENSG00000155657	TTN
ENSG00000115232	ITGA4
ENSG00000150722	PPP1R1C
ENSG00000138449	SLC40A1
ENSG00000064933	PMS1
ENSG00000168497	CAVIN2
ENSG00000144395	CCDC150
ENSG00000197121	PGAP1
ENSG00000119042	SATB2
ENSG00000162972	MAIP1
ENSG00000162971	TYW5
ENSG00000196141	SPATS2L
ENSG00000138356	AOX1
ENSG00000082153	BZW1
ENSG00000013441	CLK1
ENSG00000240344	PPIL3
ENSG00000155744	FAM126B
ENSG00000003402	CFLAR
ENSG00000003400	CASP10
ENSG00000064012	CASP8
ENSG00000082126	MPP4
ENSG00000129351	ILF3
ENSG00000138395	CDK15
ENSG00000119004	CYP20A1
ENSG00000138400	MDH1B
ENSG00000144406	UNC80
ENSG00000178568	ERBB4
ENSG00000197756	RPL37A
ENSG00000018280	SLC11A1
ENSG00000144567	RETREG2
ENSG00000198925	ATG9A
ENSG00000163516	ANKZF1
ENSG00000114923	SLC4A3
ENSG00000135905	DOCK10
ENSG00000144468	RHBDD1
ENSG00000135917	SLC19A3
ENSG00000135898	GPR55
ENSG00000173692	PSMD1
ENSG00000156973	PDE6D
ENSG00000144535	DIS3L2
ENSG00000182600	SNORC
ENSG00000085978	ATG16L1
ENSG00000130561	SAG
ENSG00000114125	RNF7
ENSG00000077044	DGKD
ENSG00000185038	MROH2A
ENSG00000168505	GBX2
ENSG00000132321	IQCA1
ENSG00000198612	COPS8
ENSG00000115648	MLPH
ENSG00000124839	RAB17
ENSG00000132330	SCLY
ENSG00000178752	ERFE
ENSG00000068024	HDAC4
ENSG00000122085	MTERF4
ENSG00000146205	ANO7
ENSG00000180902	D2HGDH
ENSG00000188389	PDCD1
ENSG00000134115	CNTN6
ENSG00000125046	SSUH2
ENSG00000214021	TTLL3
ENSG00000163702	IL17RC
ENSG00000125037	EMC3
ENSG00000197548	ATG7
ENSG00000144559	TAMM41
ENSG00000132170	PPARG
ENSG00000132182	NUP210
ENSG00000154767	XPC
ENSG00000131373	HACL1
ENSG00000154813	DPH3
ENSG00000154822	PLCL2
ENSG00000144566	RAB5A
ENSG00000183977	PP2D1
ENSG00000151789	ZNF385D
ENSG00000182247	UBE2E2
ENSG00000174738	NR1D2
ENSG00000163512	AZI2
ENSG00000163527	STT3B
ENSG00000144681	STAC
ENSG00000076242	MLH1
ENSG00000136059	VILL
ENSG00000157036	EXOG
ENSG00000183873	SCN5A
ENSG00000114745	GORASP1
ENSG00000168028	RPSA
ENSG00000168314	MOBP
ENSG00000168038	ULK4
ENSG00000144649	GASK1A
ENSG00000179152	TCAIM
ENSG00000185219	ZNF445
ENSG00000163808	KIF15
ENSG00000169964	TMEM42
ENSG00000211456	SACM1L
ENSG00000181555	SETD2
ENSG00000132153	DHX30
ENSG00000164054	SHISA5
ENSG00000225697	SLC26A6
ENSG00000068745	IP6K2
ENSG00000178252	WDR6
ENSG00000178149	DALRD3
ENSG00000136628	EPRS1
ENSG00000172053	QARS1
ENSG00000173531	MST1
ENSG00000101109	STK4
ENSG00000164068	RNF123
ENSG00000068001	HYAL2
ENSG00000114388	NPRL2
ENSG00000145041	DCAF1
ENSG00000164082	GRM2
ENSG00000041880	PARP3
ENSG00000162244	RPL29
ENSG00000168237	GLYCTK
ENSG00000168268	NT5DC2
ENSG00000163938	GNL3
ENSG00000213533	STIMATE
ENSG00000157445	CACNA2D3
ENSG00000187672	ERC2
ENSG00000180376	CCDC66
ENSG00000163947	ARHGEF3
ENSG00000157500	APPL1
ENSG00000168291	PDHB
ENSG00000144724	PTPRG
ENSG00000163635	ATXN7
ENSG00000163637	PRICKLE2
ENSG00000163638	ADAMTS9
ENSG00000151276	MAGI1
ENSG00000153721	CNKSR3
ENSG00000114541	FRMD4B
ENSG00000114861	FOXP1
ENSG00000178700	DHFR2
ENSG00000178694	NSUN3
ENSG00000080224	EPHA6
ENSG00000113966	ARL6
ENSG00000183185	GABRR3
ENSG00000064225	ST3GAL6
ENSG00000114021	NIT2
ENSG00000114391	RPL24
ENSG00000137876	RSL24D1
ENSG00000182504	CEP97
ENSG00000163507	CIP2A
ENSG00000091972	CD200
ENSG00000144848	ATG3
ENSG00000163608	NEPRO
ENSG00000174255	ZNF80
ENSG00000181722	ZBTB20
ENSG00000176142	TMEM39A
ENSG00000144852	NR1I2
ENSG00000163430	FSTL1
ENSG00000145087	STXBP5L
ENSG00000145103	ILDR1
ENSG00000036828	CASR
ENSG00000173193	PARP14
ENSG00000169087	HSPBAP1
ENSG00000138463	SLC49A4
ENSG00000065534	MYLK
ENSG00000114491	UMPS
ENSG00000221955	SLC12A8
ENSG00000197763	TXNRD3
ENSG00000058262	SEC61A1
ENSG00000177646	ACAD9
ENSG00000138246	DNAJC13
ENSG00000240303	ACAD11
ENSG00000174640	SLCO2A1
ENSG00000118007	STAG1
ENSG00000124225	PMEPA1
ENSG00000177311	ZBTB38
ENSG00000114125	RNF7
ENSG00000175066	GK5
ENSG00000188313	PLSCR1
ENSG00000047457	CP
ENSG00000070087	PFN2
ENSG00000120742	SERP1
ENSG00000169313	P2RY12
ENSG00000152580	IGSF10
ENSG00000152601	MBNL1
ENSG00000163660	CCNL1
ENSG00000073111	MCM2
ENSG00000118855	MFSD1
ENSG00000283154	IQCJ-SCHIP1
ENSG00000085274	MYNN
ENSG00000173889	PHC3
ENSG00000136603	SKIL
ENSG00000163584	RPL22L1
ENSG00000163581	SLC2A2
ENSG00000154310	TNIK
ENSG00000121858	TNFSF10
ENSG00000177694	NAALADL2
ENSG00000171121	KCNMB3
ENSG00000163728	TTC14
ENSG00000078070	MCCC1
ENSG00000176597	B3GNT5
ENSG00000053524	MCF2L2
ENSG00000161203	AP2M1
ENSG00000214160	ALG3
ENSG00000145194	ECE2
ENSG00000114859	CLCN2
ENSG00000073803	MAP3K13
ENSG00000058866	DGKG
ENSG00000090512	FETUB
ENSG00000156976	EIF4A2
ENSG00000114279	FGF12
ENSG00000127249	ATP13A4
ENSG00000114331	ACAP2
ENSG00000061938	TNK2
ENSG00000163958	ZDHHC19
ENSG00000161217	PCYT1A
ENSG00000273331	TM4SF19-DYNLT2B
ENSG00000163960	UBXN7
ENSG00000214097	SMCO1
ENSG00000163964	PIGX
ENSG00000114503	NCBP2
ENSG00000075711	DLG1
ENSG00000126787	DLGAP5
ENSG00000182903	ZNF721
ENSG00000133256	PDE6B
ENSG00000127419	TMEM175
ENSG00000159674	SPON2
ENSG00000159788	RGS12
ENSG00000175920	DOK7
ENSG00000168824	NSG1
ENSG00000125089	SH3TC1
ENSG00000178163	ZNF518B
ENSG00000157869	RAB28
ENSG00000048342	CC2D2A
ENSG00000118564	FBXL5
ENSG00000163138	PACRGL
ENSG00000109819	PPARGC1A
ENSG00000109618	SEPSECS
ENSG00000053900	ANAPC4
ENSG00000109680	TBC1D19
ENSG00000109689	STIM2
ENSG00000047365	ARAP2
ENSG00000169299	PGM2
ENSG00000197712	FAM114A1
ENSG00000157796	WDR19
ENSG00000078140	UBE2K
ENSG00000078177	N4BP2
ENSG00000163694	RBM47
ENSG00000109133	TMEM33
ENSG00000177752	YIPF7
ENSG00000163288	GABRB1
ENSG00000074966	TXK
ENSG00000075539	FRYL
ENSG00000145216	FIP1L1
ENSG00000180613	GSX2
ENSG00000134853	PDGFRA
ENSG00000109265	CRACD
ENSG00000084093	REST
ENSG00000205678	TECRL
ENSG00000145241	CENPC
ENSG00000226982	CENPCP1
ENSG00000185873	TMPRSS11B
ENSG00000109193	SULT1E1
ENSG00000163734	CXCL3
ENSG00000081041	CXCL2
ENSG00000163738	MTHFD2L
ENSG00000163743	RCHY1
ENSG00000156194	PPEF2
ENSG00000198301	SDAD1
ENSG00000138750	NUP54
ENSG00000138764	CCNG2
ENSG00000138756	BMP2K
ENSG00000163291	PAQR3
ENSG00000152795	HNRNPDL
ENSG00000163312	HELQ
ENSG00000109339	MAPK10
ENSG00000145332	KLHL8
ENSG00000152595	MEPE
ENSG00000163644	PPM1K
ENSG00000184305	CCSER1
ENSG00000152208	GRID2
ENSG00000187758	ADH1A
ENSG00000109270	LAMTOR3
ENSG00000164031	DNAJB14
ENSG00000164032	H2AZ1
ENSG00000109332	UBE2D3
ENSG00000164037	SLC9B1
ENSG00000164039	BDH2
ENSG00000168772	CXXC4
ENSG00000155011	DKK2
ENSG00000155016	CYP2U1
ENSG00000138795	LEF1
ENSG00000005059	MCUB
ENSG00000109534	GAR1
ENSG00000070729	CNGB1
ENSG00000138798	EGF
ENSG00000138660	AP1AR
ENSG00000174720	LARP7
ENSG00000180801	ARSJ
ENSG00000138653	NDST4
ENSG00000164100	NDST3
ENSG00000150961	SEC24D
ENSG00000164109	MAD2L1
ENSG00000138738	PRDM5
ENSG00000050730	TNIP3
ENSG00000138709	LARP1B
ENSG00000109381	ELF2
ENSG00000085871	MGST2
ENSG00000109458	GAB1
ENSG00000101464	PIGU
ENSG00000164163	ABCE1
ENSG00000151611	MMAA
ENSG00000137473	TTC29
ENSG00000170390	DCLK2
ENSG00000198589	LRBA
ENSG00000145425	RPS3A
ENSG00000164116	GUCY1A1
ENSG00000145431	PDGFC
ENSG00000171509	RXFP1
ENSG00000205208	C4orf46
ENSG00000171503	ETFDH
ENSG00000109511	ANXA10
ENSG00000154447	SH3RF1
ENSG00000198948	MFAP3L
ENSG00000164118	CEP44
ENSG00000129187	DCTD
ENSG00000151725	CENPU
ENSG00000154553	PDLIM3
ENSG00000154556	SORBS2
ENSG00000145476	CYP4V2
ENSG00000164344	KLKB1
ENSG00000179046	TRIML2
ENSG00000184108	TRIML1
ENSG00000028310	BRD9
ENSG00000071539	TRIP13
ENSG00000113430	IRX4
ENSG00000186493	C5orf38
ENSG00000145536	ADAMTS16
ENSG00000124279	FASTKD3
ENSG00000038382	TRIO
ENSG00000154153	RETREG1
ENSG00000154162	CDH12
ENSG00000040731	CDH10
ENSG00000082213	C5orf22
ENSG00000133401	PDZD2
ENSG00000056097	ZFR
ENSG00000113387	SUB1
ENSG00000113389	NPR3
ENSG00000103148	NPRL3
ENSG00000113407	TARS1
ENSG00000113456	RAD1
ENSG00000169413	RNASE6
ENSG00000175595	ERCC4
ENSG00000113460	BRIX1
ENSG00000168724	DNAJC21
ENSG00000152620	NADK2
ENSG00000079215	SLC1A3
ENSG00000164327	RICTOR
ENSG00000082074	FYB1
ENSG00000153071	DAB2
ENSG00000171522	PTGER4
ENSG00000113638	TTC33
ENSG00000250722	SELENOP
ENSG00000172262	ZNF131
ENSG00000112972	HMGCS1
ENSG00000151882	CCL28
ENSG00000151881	TMEM267
ENSG00000151883	PARP8
ENSG00000164171	ITGA2
ENSG00000164287	CDC20B
ENSG00000152669	CCNO
ENSG00000067248	DHX29
ENSG00000155545	MIER3
ENSG00000113448	PDE4D
ENSG00000153914	SREK1
ENSG00000069020	MAST4
ENSG00000145741	BTF3
ENSG00000111801	BTN3A3
ENSG00000198780	FAM169A
ENSG00000122008	POLK
ENSG00000112941	TENT4A
ENSG00000189045	ANKDD1B
ENSG00000152359	POC5
ENSG00000085365	SCAMP1
ENSG00000186468	RPS23
ENSG00000152422	XRCC4
ENSG00000164180	TMEM161B
ENSG00000153347	FAM81B
ENSG00000164291	ARSK
ENSG00000145757	SPATA9
ENSG00000175426	PCSK1
ENSG00000174136	RGMB
ENSG00000145723	GIN1
ENSG00000151422	FER
ENSG00000186952	TMEM232
ENSG00000152495	CAMK4
ENSG00000134986	NREP
ENSG00000129595	EPB41L4A
ENSG00000134982	APC
ENSG00000129625	REEP5
ENSG00000177879	AP3S1
ENSG00000172901	LVRN
ENSG00000164334	FAM170A
ENSG00000113083	LOX
ENSG00000168944	CEP120
ENSG00000168916	ZNF608
ENSG00000169567	HINT1
ENSG00000072682	P4HA2
ENSG00000125347	IRF1
ENSG00000072364	AFF4
ENSG00000113621	TXNDC15
ENSG00000146021	KLHL3
ENSG00000170476	MZB1
ENSG00000213523	SRA1
ENSG00000125398	SOX9
ENSG00000113108	APBB3
ENSG00000112855	HARS2
ENSG00000125821	DTD1
ENSG00000113578	FGF1
ENSG00000156463	SH3RF2
ENSG00000164270	HTR4
ENSG00000169247	SH3TC2
ENSG00000145882	PCYOX1L
ENSG00000164296	TIGD6
ENSG00000182578	CSF1R
ENSG00000113721	PDGFRB
ENSG00000070808	CAMK2A
ENSG00000198624	CCDC69
ENSG00000186335	SLC36A2
ENSG00000145907	G3BP1
ENSG00000145888	GLRA1
ENSG00000135077	HAVCR2
ENSG00000113263	ITK
ENSG00000172548	NIPAL4
ENSG00000113327	GABRG2
ENSG00000040275	SPDL1
ENSG00000204764	RANBP17
ENSG00000113719	ERGIC1
ENSG00000165671	NSD1
ENSG00000146094	DOK3
ENSG00000146067	FAM193B
ENSG00000145912	NHP2
ENSG00000113240	CLK4
ENSG00000176783	RUFY1
ENSG00000204661	C5orf60
ENSG00000037280	FLT4
ENSG00000196670	ZFP62
ENSG00000113303	BTNL8
ENSG00000146063	TRIM41
ENSG00000204628	RACK1
ENSG00000112739	PRPF4B
ENSG00000198721	ECI2
ENSG00000124782	RREB1
ENSG00000164304	CAGE1
ENSG00000124784	RIOK1
ENSG00000188428	BLOC1S5
ENSG00000111846	GCNT2
ENSG00000111859	NEDD9
ENSG00000111863	ADTRP
ENSG00000145990	GFOD1
ENSG00000124523	SIRT5
ENSG00000112186	CAP2
ENSG00000137648	TMPRSS4
ENSG00000166401	SERPINB8
ENSG00000112293	GPLD1
ENSG00000111802	TDP2
ENSG00000111913	RIPOR2
ENSG00000079691	CARMIL1
ENSG00000180573	H2AC6
ENSG00000158406	H4C8
ENSG00000112812	PRSS16
ENSG00000233822	H2BC15
ENSG00000184357	H1-5
ENSG00000204713	TRIM27
ENSG00000204568	MRPS18B
ENSG00000204536	CCHCR1
ENSG00000204531	POU5F1
ENSG00000021488	SLC7A9
ENSG00000198563	DDX39B
ENSG00000204482	LST1
ENSG00000255152	MSH5-SAPCD1
ENSG00000204351	SKIV2L
ENSG00000204348	DXO
ENSG00000204344	STK19
ENSG00000168477	TNXB
ENSG00000213676	ATF6B
ENSG00000204301	NOTCH4
ENSG00000237441	RGL2
ENSG00000231925	TAPBP
ENSG00000204209	DAXX
ENSG00000112514	CUTA
ENSG00000137309	HMGA1
ENSG00000124678	TCP11
ENSG00000065029	ZNF76
ENSG00000007866	TEAD3
ENSG00000124772	CPNE5
ENSG00000137193	PIM1
ENSG00000196365	LONP1
ENSG00000172738	TMEM217
ENSG00000124780	KCNK17
ENSG00000164627	KIF6
ENSG00000146122	DAAM2
ENSG00000124596	OARD1
ENSG00000112624	BICRAL
ENSG00000137204	SLC22A7
ENSG00000171467	ZNF318
ENSG00000137207	YIPF3
ENSG00000112715	VEGFA
ENSG00000137216	TMEM63B
ENSG00000153292	ADGRF1
ENSG00000124818	OPN5
ENSG00000146147	MLIP
ENSG00000118482	PHF3
ENSG00000005700	IBTK
ENSG00000118420	UBE3D
ENSG00000135315	CEP162
ENSG00000112837	TBX18
ENSG00000083099	LYRM2
ENSG00000146263	MMS22L
ENSG00000132424	PNISR
ENSG00000112237	CCNC
ENSG00000112246	SIM1
ENSG00000085382	HACE1
ENSG00000112297	CRYBG1
ENSG00000155111	CDK19
ENSG00000056972	TRAF3IP2
ENSG00000112761	CCN6
ENSG00000164451	CALHM4
ENSG00000111906	HDDC2
ENSG00000152894	PTPRK
ENSG00000164483	SAMD3
ENSG00000154269	ENPP3
ENSG00000112303	VNN2
ENSG00000118514	ALDH8A1
ENSG00000118513	MYB
ENSG00000029363	BCLAF1
ENSG00000112425	EPM2A
ENSG00000164506	STXBP5
ENSG00000131023	LATS1
ENSG00000131016	AKAP12
ENSG00000155906	RMND1
ENSG00000131018	SYNE1
ENSG00000175048	ZDHHC14
ENSG00000078269	SYNJ2
ENSG00000122335	SERAC1
ENSG00000120438	TCP1
ENSG00000146453	PNLDC1
ENSG00000198818	SFT2D1
ENSG00000071242	RPS6KA2
ENSG00000120440	TTLL2
ENSG00000130396	AFDN
ENSG00000130024	PHF10
ENSG00000146540	C7orf50
ENSG00000122687	MRM2
ENSG00000174945	AMZ1
ENSG00000146555	SDK1
ENSG00000157954	WIPI2
ENSG00000075624	ACTB
ENSG00000106346	USP42
ENSG00000106392	C1GALT1
ENSG00000003147	ICA1
ENSG00000146530	VWDE
ENSG00000122644	ARL4A
ENSG00000136261	BZW2
ENSG00000105855	ITGB8
ENSG00000105889	STEAP1B
ENSG00000196683	TOMM7
ENSG00000164548	TRA2A
ENSG00000146592	CREB5
ENSG00000106125	MINDY4
ENSG00000122507	BBS9
ENSG00000164532	TBX20
ENSG00000078053	AMPH
ENSG00000065883	CDK13
ENSG00000106588	PSMA2
ENSG00000106603	COA1
ENSG00000164161	HHIP
ENSG00000172016	REG3A
ENSG00000162244	RPL29
ENSG00000100380	ST13
ENSG00000106633	GCK
ENSG00000168067	MAP4K2
ENSG00000122515	ZMIZ2
ENSG00000136286	MYO1G
ENSG00000183696	UPP1
ENSG00000132432	SEC61G
ENSG00000129103	SUMF2
ENSG00000106153	CHCHD2
ENSG00000198039	ZNF273
ENSG00000169919	GUSB
ENSG00000169902	TPST1
ENSG00000126524	SBDS
ENSG00000106638	TBL2
ENSG00000106683	LIMK1
ENSG00000177679	SRRM3
ENSG00000106211	HSPB1
ENSG00000187391	MAGI2
ENSG00000186472	PCLO
ENSG00000135164	DMTF1
ENSG00000005471	ABCB4
ENSG00000006634	DBF4
ENSG00000075142	SRI
ENSG00000164647	STEAP1
ENSG00000105793	GTPBP10
ENSG00000127914	AKAP9
ENSG00000157259	GATAD1
ENSG00000105829	BET1
ENSG00000105854	PON2
ENSG00000106236	NPTX2
ENSG00000160908	ZNF394
ENSG00000196652	ZKSCAN5
ENSG00000106258	CYP3A5
ENSG00000106261	ZKSCAN1
ENSG00000166508	MCM7
ENSG00000197093	GAL3ST4
ENSG00000239521	CASTOR3
ENSG00000166925	TSC22D4
ENSG00000146839	ZAN
ENSG00000196411	EPHB4
ENSG00000087077	TRIP6
ENSG00000106404	CLDN15
ENSG00000214253	FIS1
ENSG00000128563	PRKRIP1
ENSG00000170667	RASA4B
ENSG00000230257	NFE4
ENSG00000105821	DNAJC2
ENSG00000146776	ATXN7L1
ENSG00000105865	DUS4L
ENSG00000091140	DLD
ENSG00000164603	BMT2
ENSG00000154415	PPP1R3A
ENSG00000128573	FOXP2
ENSG00000105967	TFEC
ENSG00000135269	TES
ENSG00000105974	CAV1
ENSG00000198898	CAPZA2
ENSG00000004866	ST7
ENSG00000147650	LRP12
ENSG00000154438	ASZ1
ENSG00000106034	CPED1
ENSG00000081800	SLC13A1
ENSG00000004059	ARF5
ENSG00000106328	FSCN3
ENSG00000135248	GARIN1B
ENSG00000128510	CPA4
ENSG00000128585	MKLN1
ENSG00000085662	AKR1B1
ENSG00000189320	FAM180A
ENSG00000164898	FMC1
ENSG00000059378	PARP12
ENSG00000006459	KDM7A
ENSG00000106028	SSBP1
ENSG00000178826	TMEM139
ENSG00000106144	CASP2
ENSG00000146904	EPHA1
ENSG00000196511	TPK1
ENSG00000196329	GIMAP5
ENSG00000055118	KCNH2
ENSG00000181652	ATG9B
ENSG00000213199	ASIC3
ENSG00000164896	FASTK
ENSG00000082014	SMARCD3
ENSG00000106648	GALNTL5
ENSG00000146918	NCAPG2
ENSG00000126870	DYNC2I1
ENSG00000198010	DLGAP2
ENSG00000275591	XKR5
ENSG00000104643	MTMR9
ENSG00000154319	FAM167A
ENSG00000079459	FDFT1
ENSG00000164733	CTSB
ENSG00000186523	FAM86B1
ENSG00000154359	LONRF1
ENSG00000078674	PCM1
ENSG00000141644	MBD1
ENSG00000104763	ASAH1
ENSG00000158863	FHIP2B
ENSG00000168487	BMP1
ENSG00000158941	CCAR2
ENSG00000147454	SLC25A37
ENSG00000221818	EBF2
ENSG00000104765	BNIP3L
ENSG00000120903	CHRNA2
ENSG00000120915	EPHX2
ENSG00000147419	CCDC25
ENSG00000171320	ESCO2
ENSG00000104299	INTS9
ENSG00000133872	SARAF
ENSG00000172728	FUT10
ENSG00000198042	MAK16
ENSG00000215262	KCNU1
ENSG00000175324	LSM1
ENSG00000077782	FGFR1
ENSG00000078668	VDAC3
ENSG00000270858	VDAC1P5
ENSG00000168172	HOOK3
ENSG00000168522	FNTA
ENSG00000165102	HGSNAT
ENSG00000164808	SPIDR
ENSG00000034239	CLXN
ENSG00000147488	ST18
ENSG00000196711	ALKAL1
ENSG00000082556	OPRK1
ENSG00000187735	TCEA1
ENSG00000230409	TCEA1P2
ENSG00000137574	TGS1
ENSG00000178538	CA8
ENSG00000198363	ASPH
ENSG00000185728	YTHDF3
ENSG00000147576	ADHFE1
ENSG00000165078	CPA6
ENSG00000255974	CYP2A6
ENSG00000046889	PREX2
ENSG00000137571	SLCO5A1
ENSG00000104313	EYA1
ENSG00000147604	RPL7
ENSG00000104432	IL7
ENSG00000133739	LRRCC1
ENSG00000156103	MMP16
ENSG00000104312	RIPK2
ENSG00000155100	OTUD6B
ENSG00000164953	TMEM67
ENSG00000197275	RAD54B
ENSG00000164944	VIRMA
ENSG00000156467	UQCRB
ENSG00000156471	PTDSS1
ENSG00000132554	RGS22
ENSG00000156509	FBXO43
ENSG00000147647	DPYS
ENSG00000154188	ANGPT1
ENSG00000164841	TMEM74
ENSG00000120526	NUDCD1
ENSG00000164761	TNFRSF11B
ENSG00000118903	BTF3P11
ENSG00000187955	COL14A1
ENSG00000172172	MRPL13
ENSG00000156787	TBC1D31
ENSG00000156802	ATAD2
ENSG00000147697	GSDMC
ENSG00000153317	ASAP1
ENSG00000129292	PHF20L1
ENSG00000155926	SLA
ENSG00000109618	SEPSECS
ENSG00000066827	ZFAT
ENSG00000147724	FAM135B
ENSG00000283992	SLURP2
ENSG00000180155	LYNX1
ENSG00000284505	LYNX1-SLURP2
ENSG00000184428	TOP1MT
ENSG00000158106	RHPN1
ENSG00000204839	MROH6
ENSG00000147813	NAPRT
ENSG00000104522	GFUS
ENSG00000181135	ZNF707
ENSG00000181085	MAPK15
ENSG00000185189	NRBP2
ENSG00000179091	CYC1
ENSG00000173137	ADCK5
ENSG00000147804	SLC39A4
ENSG00000160948	VPS28
ENSG00000161016	RPL8
ENSG00000182307	C8orf33
ENSG00000107099	DOCK8
ENSG00000107249	GLIS3
ENSG00000106686	SPATA6L
ENSG00000099219	ERMP1
ENSG00000147854	UHRF2
ENSG00000178445	GLDC
ENSG00000155158	TTC39B
ENSG00000164975	SNAPC3
ENSG00000137145	DENND4C
ENSG00000147889	CDKN2A
ENSG00000086102	NFX1
ENSG00000165269	AQP7
ENSG00000221829	FANCG
ENSG00000107140	TESK1
ENSG00000137101	CD72
ENSG00000137133	HINT2
ENSG00000122707	RECK
ENSG00000137106	GRHPR
ENSG00000122696	SLC25A51
ENSG00000215126	CBWD6
ENSG00000135063	FAM189A2
ENSG00000083067	TRPM3
ENSG00000148057	IDNK
ENSG00000156345	CDK20
ENSG00000198000	NOL8
ENSG00000165233	CARD19
ENSG00000131669	NINJ1
ENSG00000188938	FAM120AOS
ENSG00000185920	PTCH1
ENSG00000197816	CCDC180
ENSG00000136824	SMC2
ENSG00000106853	PTGR1
ENSG00000059769	DNAJC25
ENSG00000148225	WDR31
ENSG00000138835	RGS3
ENSG00000106927	AMBP
ENSG00000196739	COL27A1
ENSG00000095397	WHRN
ENSG00000157693	TMEM268
ENSG00000136869	TLR4
ENSG00000136861	CDK5RAP2
ENSG00000119403	PHF19
ENSG00000119446	RBM18
ENSG00000148187	MRRF
ENSG00000136942	RPL35
ENSG00000119487	MAPKAP1
ENSG00000136830	NIBAN2
ENSG00000095370	SH2D3C
ENSG00000136840	ST6GALNAC4
ENSG00000136908	DPM2
ENSG00000167106	FAM102A
ENSG00000171097	KYAT1
ENSG00000148343	MIGA2
ENSG00000095321	CRAT
ENSG00000119383	PTPA
ENSG00000148344	PTGES
ENSG00000148358	GPR107
ENSG00000126883	NUP214
ENSG00000288701	PRRC2B
ENSG00000165698	SPACA9
ENSG00000175164	ABO
ENSG00000160323	ADAMTS13
ENSG00000130558	OLFM1
ENSG00000238227	TMEM250
ENSG00000187796	CARD9
ENSG00000165689	ENTR1
ENSG00000165688	PMPCA
ENSG00000054148	PHPT1
ENSG00000159069	FBXW5
ENSG00000107331	ABCA2
ENSG00000176884	GRIN1
ENSG00000169258	GPRIN1
ENSG00000176101	SSNA1
ENSG00000197768	STPG3
ENSG00000148399	DPH7
ENSG00000067064	IDI1
ENSG00000196139	AKR1C3
ENSG00000134470	IL15RA
ENSG00000148429	USP6NL
ENSG00000065665	SEC61A2
ENSG00000148481	MINDY3
ENSG00000107614	TRDMT1
ENSG00000165996	HACD1
ENSG00000165995	CACNB2
ENSG00000180592	SKIDA1
ENSG00000168283	BMI1
ENSG00000095787	WAC
ENSG00000148516	ZEB1
ENSG00000169813	HNRNPF
ENSG00000226790	HNRNPA3P1
ENSG00000170144	HNRNPA3
ENSG00000170324	FRMPD2
ENSG00000070748	CHAT
ENSG00000198964	SGMS1
ENSG00000196932	TMEM26
ENSG00000138311	ZNF365
ENSG00000171988	JMJD1C
ENSG00000204130	RUFY2
ENSG00000060339	CCAR1
ENSG00000156502	SUPV3L1
ENSG00000156515	HK1
ENSG00000182255	KCNA4
ENSG00000134709	HOOK1
ENSG00000107742	SPOCK2
ENSG00000166295	ANAPC16
ENSG00000148719	DNAJB12
ENSG00000122882	ECD
ENSG00000127922	SEM1
ENSG00000166348	USP54
ENSG00000222047	C10orf55
ENSG00000148655	LRMDA
ENSG00000185303	SFTPA2
ENSG00000133678	TMEM254
ENSG00000182771	GRID1
ENSG00000182333	LIPF
ENSG00000107798	LIPA
ENSG00000168515	SCGB1D1
ENSG00000095564	BTAF1
ENSG00000119912	IDE
ENSG00000108231	LGI1
ENSG00000138185	ENTPD1
ENSG00000155229	MMS19
ENSG00000107593	PKD2L1
ENSG00000055950	MRPL43
ENSG00000107821	KAZALD1
ENSG00000107960	STN1
ENSG00000151893	CACUL1
ENSG00000151923	TIAL1
ENSG00000066468	FGFR2
ENSG00000107902	LHPP
ENSG00000203791	EEF1AKMT2
ENSG00000107938	EDRF1
ENSG00000175470	PPP2R2D
ENSG00000171811	CFAP46
ENSG00000151651	ADAM8
ENSG00000185627	PSMD13
ENSG00000142102	PGGHG
ENSG00000185101	ANO9
ENSG00000174915	PTDSS2
ENSG00000023191	RNH1
ENSG00000265790	RNASEH1P1
ENSG00000174775	HRAS
ENSG00000185522	LMNTD2
ENSG00000099834	CDHR5
ENSG00000177225	GATD1
ENSG00000177542	SLC25A22
ENSG00000177666	PNPLA2
ENSG00000177685	CRACR2B
ENSG00000198788	MUC2
ENSG00000117983	MUC5B
ENSG00000149043	SYT8
ENSG00000130600	H19
ENSG00000064201	TSPAN32
ENSG00000053918	KCNQ1
ENSG00000148985	PGAP2
ENSG00000132256	TRIM5
ENSG00000170955	CAVIN3
ENSG00000166311	SMPD1
ENSG00000110171	TRIM3
ENSG00000149050	ZNF214
ENSG00000166407	LMO1
ENSG00000130413	STK33
ENSG00000166441	RPL27A
ENSG00000166471	TMEM41B
ENSG00000133805	AMPD3
ENSG00000110328	GALNT18
ENSG00000148925	BTBD10
ENSG00000186104	CYP2R1
ENSG00000166689	PLEKHA7
ENSG00000011405	PIK3C2A
ENSG00000006611	USH1C
ENSG00000129158	SERGEF
ENSG00000110756	HPS5
ENSG00000134333	LDHA
ENSG00000074319	TSG101
ENSG00000179057	IGSF22
ENSG00000177054	ZDHHC13
ENSG00000185238	PRMT3
ENSG00000165970	SLC6A5
ENSG00000103546	SLC6A2
ENSG00000169519	METTL15
ENSG00000066382	MPPED2
ENSG00000170946	DNAJC24
ENSG00000148950	IMMP1L
ENSG00000109911	ELP4
ENSG00000007372	PAX6
ENSG00000184937	WT1
ENSG00000110422	HIPK3
ENSG00000085063	CD59
ENSG00000135363	LMO2
ENSG00000166199	ALKBH3
ENSG00000110455	ACCS
ENSG00000110492	MDK
ENSG00000175216	CKAP5
ENSG00000110536	PTPMT1
ENSG00000086205	FOLH1
ENSG00000134817	APLNR
ENSG00000149131	SERPING1
ENSG00000166793	YPEL4
ENSG00000156599	ZDHHC5
ENSG00000156603	MED19
ENSG00000211450	SELENOH
ENSG00000110031	LPXN
ENSG00000166840	GLYATL1
ENSG00000166928	MS4A14
ENSG00000166959	MS4A8
ENSG00000166927	MS4A7
ENSG00000167992	VWCE
ENSG00000162144	CYB561A3
ENSG00000167996	FTH1
ENSG00000254772	EEF1G
ENSG00000149541	B3GAT3
ENSG00000089597	GANAB
ENSG00000162191	UBXN1
ENSG00000162222	TTC9C
ENSG00000184999	SLC22A10
ENSG00000149742	SLC22A9
ENSG00000176485	PLAAT3
ENSG00000219435	CATSPERZ
ENSG00000182450	KCNK4
ENSG00000173113	TRMT112
ENSG00000168060	NAALADL1
ENSG00000146670	CDCA5
ENSG00000197136	PCNX3
ENSG00000172803	SNX32
ENSG00000172638	EFEMP2
ENSG00000172500	FIBP
ENSG00000175467	SART1
ENSG00000174851	YIF1A
ENSG00000174669	SLC29A2
ENSG00000173599	PC
ENSG00000128567	PODXL
ENSG00000172830	SSH3
ENSG00000175482	POLD4
ENSG00000172531	PPP1CA
ENSG00000172663	TMEM134
ENSG00000167797	CDK2AP2
ENSG00000167792	NDUFV1
ENSG00000162337	LRP5
ENSG00000132740	IGHMBP2
ENSG00000172890	NADSYN1
ENSG00000158483	FAM86C1P
ENSG00000110203	FOLR3
ENSG00000162129	CLPB
ENSG00000168010	ATG16L2
ENSG00000181924	COA4
ENSG00000149380	P4HA3
ENSG00000158555	GDPD5
ENSG00000078124	ACER3
ENSG00000159063	ALG8
ENSG00000150672	DLG2
ENSG00000108852	MPP2
ENSG00000137504	CREBZF
ENSG00000137501	SYTL2
ENSG00000150687	PRSS23
ENSG00000077498	TYR
ENSG00000077616	NAALAD2
ENSG00000166012	TAF1D
ENSG00000150316	CWC15
ENSG00000077458	FAM76B
ENSG00000166037	CEP57
ENSG00000183340	JRKL
ENSG00000196954	CASP4
ENSG00000137752	CASP1
ENSG00000152404	CWF19L2
ENSG00000137760	ALKBH8
ENSG00000166266	CUL5
ENSG00000150787	PTS
ENSG00000149292	TTC12
ENSG00000109906	ZBTB16
ENSG00000076053	RBM7
ENSG00000182985	CADM1
ENSG00000149591	TAGLN
ENSG00000167257	RNF214
ENSG00000137726	FXYD6
ENSG00000137648	TMPRSS4
ENSG00000177098	SCN4B
ENSG00000160593	JAML
ENSG00000019144	PHLDB1
ENSG00000176302	FOXR1
ENSG00000137700	SLC37A4
ENSG00000248712	CCDC153
ENSG00000149403	GRIK4
ENSG00000154114	TBCEL
ENSG00000109929	SC5D
ENSG00000137642	SORL1
ENSG00000109971	HSPA8
ENSG00000154144	TBRG1
ENSG00000110013	SIAE
ENSG00000064199	SPA17
ENSG00000154134	ROBO3
ENSG00000237353	PATE4
ENSG00000150455	TIRAP
ENSG00000149571	KIRREL3
ENSG00000151702	FLI1
ENSG00000177731	FLII
ENSG00000002016	RAD52
ENSG00000082805	ERC1
ENSG00000151062	CACNA2D4
ENSG00000078246	TULP3
ENSG00000130038	CRACR2A
ENSG00000110799	VWF
ENSG00000010295	IFFO1
ENSG00000159335	PTMS
ENSG00000010610	CD4
ENSG00000111679	PTPN6
ENSG00000111684	LPCAT3
ENSG00000139182	CLSTN3
ENSG00000059804	SLC2A3
ENSG00000089818	NECAP1
ENSG00000166532	RIMKLB
ENSG00000126838	PZP
ENSG00000110852	CLEC2B
ENSG00000256660	CLEC12B
ENSG00000197992	CLEC9A
ENSG00000251655	PRB1
ENSG00000080839	RBL1
ENSG00000121380	BCL2L14
ENSG00000213782	DDX47
ENSG00000197837	H4-16
ENSG00000246705	H2AJ
ENSG00000111341	MGP
ENSG00000151491	EPS8
ENSG00000048540	LMO3
ENSG00000139151	PLCZ1
ENSG00000121350	PYROXD1
ENSG00000134548	SPX
ENSG00000152936	LMNTD1
ENSG00000064763	FAR2
ENSG00000110888	CAPRIN2
ENSG00000013573	DDX11
ENSG00000139132	FGD4
ENSG00000139133	ALG10
ENSG00000175548	ALG10B
ENSG00000205592	MUC19
ENSG00000165966	PDZRN4
ENSG00000198001	IRAK4
ENSG00000005175	RPAP3
ENSG00000139219	COL2A1
ENSG00000079387	SENP1
ENSG00000152556	PFKM
ENSG00000167550	RHEBL1
ENSG00000139636	LMBR1L
ENSG00000123416	TUBA1B
ENSG00000127824	TUBA4A
ENSG00000187778	MCRS1
ENSG00000167566	NCKAP5L
ENSG00000066117	SMARCD1
ENSG00000139624	CERS5
ENSG00000185432	METTL7A
ENSG00000110911	SLC11A2
ENSG00000110934	BIN2
ENSG00000139629	GALNT6
ENSG00000196876	SCN8A
ENSG00000167612	ANKRD33
ENSG00000123358	NR4A1
ENSG00000186081	KRT5
ENSG00000170477	KRT4
ENSG00000185640	KRT79
ENSG00000139631	CSAD
ENSG00000172819	RARG
ENSG00000135409	AMHR2
ENSG00000139546	TARBP2
ENSG00000170653	ATF7
ENSG00000135486	HNRNPA1
ENSG00000111481	COPZ1
ENSG00000161638	ITGA5
ENSG00000123360	PDE1B
ENSG00000205323	SARNP
ENSG00000065357	DGKA
ENSG00000111540	RAB5B
ENSG00000139531	SUOX
ENSG00000257727	CNPY2
ENSG00000135473	PAN2
ENSG00000240857	RDH14
ENSG00000160505	NLRP4
ENSG00000135423	GLS2
ENSG00000076067	RBMS2
ENSG00000166863	TAC3
ENSG00000182199	SHMT2
ENSG00000139269	INHBE
ENSG00000166987	MBD6
ENSG00000135446	CDK4
ENSG00000111012	CYP27B1
ENSG00000123427	EEF1AKMT3
ENSG00000139263	LRIG3
ENSG00000118596	SLC16A7
ENSG00000198673	TAFA2
ENSG00000177990	DPY19L2
ENSG00000118600	RXYLT1
ENSG00000149948	HMGA2
ENSG00000111581	NUP107
ENSG00000127328	RAB3IP
ENSG00000153233	PTPRR
ENSG00000127324	TSPAN8
ENSG00000180881	CAPS2
ENSG00000081803	CADPS2
ENSG00000187109	NAP1L1
ENSG00000179104	TMTC2
ENSG00000133640	LRRIQ1
ENSG00000165805	C12orf50
ENSG00000133641	C12orf29
ENSG00000198707	CEP290
ENSG00000173588	CEP83
ENSG00000028203	VEZT
ENSG00000188596	CFAP54
ENSG00000075089	ACTR6
ENSG00000012504	NR1H4
ENSG00000111666	CHPT1
ENSG00000185480	PARPBP
ENSG00000075188	NUP37
ENSG00000171759	PAH
ENSG00000179088	C12orf42
ENSG00000204954	C12orf73
ENSG00000120837	NFYB
ENSG00000198431	TXNRD1
ENSG00000136044	APPL2
ENSG00000084234	APLP2
ENSG00000075856	SART3
ENSG00000110887	DAO
ENSG00000002726	AOC1
ENSG00000076248	UNG
ENSG00000076513	ANKRD13A
ENSG00000204856	FAM216A
ENSG00000204852	TCTN1
ENSG00000173093	CCDC63
ENSG00000204842	ATXN2
ENSG00000089248	ERP29
ENSG00000111300	NAA25
ENSG00000135148	TRAFD1
ENSG00000111344	RASAL1
ENSG00000176871	WSB2
ENSG00000176834	VSIG10
ENSG00000183273	CCDC60
ENSG00000135127	BICDL1
ENSG00000202538	RNU4-2
ENSG00000111786	SRSF9
ENSG00000135100	HNF1A
ENSG00000135124	P2RX4
ENSG00000139714	MORN3
ENSG00000110801	PSMD9
ENSG00000090975	PITPNM2
ENSG00000051825	MPHOSPH9
ENSG00000184209	SNRNP35
ENSG00000197653	DNAH10
ENSG00000150990	DHX37
ENSG00000151948	GLT1D1
ENSG00000183495	EP400
ENSG00000176915	ANKLE2
ENSG00000196387	ZNF140
ENSG00000127870	RNF6
ENSG00000132964	CDK8
ENSG00000189403	HMGB1
ENSG00000073910	FRY
ENSG00000139618	BRCA2
ENSG00000083642	PDS5B
ENSG00000133083	DCLK1
ENSG00000120699	EXOSC8
ENSG00000120662	MTRF1
ENSG00000102804	TSC22D1
ENSG00000174032	SLC25A30
ENSG00000165837	ERICH6B
ENSG00000102445	RUBCNL
ENSG00000139687	RB1
ENSG00000136147	PHF11
ENSG00000134882	UBAC2
ENSG00000213995	NAXD
ENSG00000126217	MCF2L
ENSG00000169062	UPF3A
ENSG00000136319	TTC5
ENSG00000165801	ARHGEF40
ENSG00000129472	RAB2B
ENSG00000100461	RBM23
ENSG00000092096	SLC22A17
ENSG00000213983	AP1G2
ENSG00000100867	DHRS2
ENSG00000100897	DCAF11
ENSG00000129559	NEDD8
ENSG00000100938	GMPR2
ENSG00000129465	RIPK3
ENSG00000139910	NOVA1
ENSG00000092108	SCFD1
ENSG00000196792	STRN3
ENSG00000092148	HECTD1
ENSG00000092020	PPP2R3C
ENSG00000100916	BRMS1L
ENSG00000229415	SFTA3
ENSG00000100934	SEC23A
ENSG00000198718	TOGARAM1
ENSG00000165501	LRR1
ENSG00000165525	NEMF
ENSG00000100483	VCPKMT
ENSG00000100503	NIN
ENSG00000100504	PYGL
ENSG00000186469	GNG2
ENSG00000100526	CDKN3
ENSG00000020577	SAMD4A
ENSG00000126777	KTN1
ENSG00000070269	TMEM260
ENSG00000100557	CCDC198
ENSG00000139971	ARMH4
ENSG00000032219	ARID4A
ENSG00000196860	TOMM20L
ENSG00000100592	DAAM1
ENSG00000181619	GPR135
ENSG00000100614	PPM1A
ENSG00000179008	C14orf39
ENSG00000182107	TMEM30B
ENSG00000140015	KCNH5
ENSG00000154001	PPP2R5E
ENSG00000054654	SYNE2
ENSG00000176153	GPX2
ENSG00000125952	MAX
ENSG00000033170	FUT8
ENSG00000172717	GARIN2
ENSG00000072121	ZFYVE26
ENSG00000213463	SYNJ2BP
ENSG00000182732	RGS6
ENSG00000100767	PAPLN
ENSG00000140043	PTGR2
ENSG00000119723	COQ6
ENSG00000187097	ENTPD5
ENSG00000119711	ALDH6A1
ENSG00000119688	ABCD4
ENSG00000119596	YLPM1
ENSG00000170348	TMED10
ENSG00000100565	LRRC74A
ENSG00000009830	POMT2
ENSG00000100577	GSTZ1
ENSG00000100593	ISM2
ENSG00000211448	DIO2
ENSG00000100629	CEP128
ENSG00000054983	GALC
ENSG00000070778	PTPN21
ENSG00000042088	TDP1
ENSG00000119720	NRDE2
ENSG00000100796	PPP4R3A
ENSG00000100815	TRIP11
ENSG00000140090	SLC24A4
ENSG00000089737	DDX24
ENSG00000119632	IFI27L2
ENSG00000036530	CYP46A1
ENSG00000080824	HSP90AA1
ENSG00000088808	PPP1R13B
ENSG00000156411	ATP5MJ
ENSG00000156414	TDRD9
ENSG00000184990	SIVA1
ENSG00000140104	CLBA1
ENSG00000206190	ATP10A
ENSG00000183629	GOLGA8G
ENSG00000034053	APBA2
ENSG00000198690	FAN1
ENSG00000169918	OTUD7A
ENSG00000175344	CHRNA7
ENSG00000140199	SLC12A6
ENSG00000176454	LPCAT4
ENSG00000215252	GOLGA8B
ENSG00000172575	RASGRP1
ENSG00000188549	CCDC9B
ENSG00000128891	CCDC32
ENSG00000104129	DNAJC17
ENSG00000128908	INO80
ENSG00000137806	NDUFAF1
ENSG00000103932	RPAP1
ENSG00000159337	PLA2G4D
ENSG00000168907	PLA2G4F
ENSG00000237289	CKMT1B
ENSG00000171877	FRMD5
ENSG00000185880	TRIM69
ENSG00000171766	GATM
ENSG00000137767	SQOR
ENSG00000104177	MYEF2
ENSG00000255302	EID1
ENSG00000140285	FGF7
ENSG00000104047	DTWD1
ENSG00000104043	ATP8B4
ENSG00000137869	CYP19A1
ENSG00000186417	GLDN
ENSG00000128833	MYO5C
ENSG00000047346	FAM214A
ENSG00000166415	WDR72
ENSG00000137766	UNC13C
ENSG00000260916	CCPG1
ENSG00000137871	ZNF280D
ENSG00000166035	LIPC
ENSG00000128923	MINDY2
ENSG00000069667	RORA
ENSG00000171914	TLN2
ENSG00000185088	RPS27L
ENSG00000138613	APH1B
ENSG00000103657	HERC1
ENSG00000035664	DAPK2
ENSG00000166794	PPIB
ENSG00000138614	INTS14
ENSG00000188501	LCTL
ENSG00000137834	SMAD6
ENSG00000129007	CALML4
ENSG00000140350	ANP32A
ENSG00000137807	KIF23
ENSG00000159322	ADPGK
ENSG00000103855	CD276
ENSG00000137868	STRA6
ENSG00000140481	CCDC33
ENSG00000103653	CSK
ENSG00000140474	ULK3
ENSG00000140365	COMMD4
ENSG00000167196	FBXO22
ENSG00000169752	NRG4
ENSG00000169758	TMEM266
ENSG00000140368	PSTPIP1
ENSG00000140395	WDR61
ENSG00000188266	HYKK
ENSG00000117971	CHRNB4
ENSG00000058335	RASGRF1
ENSG00000103942	HOMER2
ENSG00000169609	C15orf40
ENSG00000140600	SH3GL3
ENSG00000140538	NTRK3
ENSG00000140543	DET1
ENSG00000181026	AEN
ENSG00000172183	ISG20
ENSG00000140522	RLBP1
ENSG00000140519	RHCG
ENSG00000166813	KIF7
ENSG00000213471	TTLL13
ENSG00000182768	NGRN
ENSG00000182511	FES
ENSG00000196547	MAN2A2
ENSG00000166965	RCCD1
ENSG00000185518	SV2B
ENSG00000176463	SLCO3A1
ENSG00000140443	IGF1R
ENSG00000184254	ALDH1A3
ENSG00000154237	LRRK1
ENSG00000131876	SNRPA1
ENSG00000185418	TARS3
ENSG00000103148	NPRL3
ENSG00000206172	HBA1
ENSG00000007392	LUC7L
ENSG00000086504	MRPL28
ENSG00000103326	CAPN15
ENSG00000130731	METTL26
ENSG00000172366	MCRIP2
ENSG00000161996	WDR90
ENSG00000103260	METRN
ENSG00000103245	CIAO3
ENSG00000059145	UNKL
ENSG00000100726	TELO2
ENSG00000206053	JPT2
ENSG00000103024	NME3
ENSG00000063854	HAGH
ENSG00000140988	RPS2
ENSG00000167965	MLST8
ENSG00000167972	ABCA3
ENSG00000162063	CCNF
ENSG00000005001	PRSS22
ENSG00000131652	THOC6
ENSG00000162069	BICDL2
ENSG00000185739	SRL
ENSG00000168096	ANKS3
ENSG00000140632	GLYR1
ENSG00000067365	METTL22
ENSG00000183044	ABAT
ENSG00000103274	NUBP1
ENSG00000166676	TVP23A
ENSG00000133392	MYH11
ENSG00000170540	ARL6IP1
ENSG00000261210	CLEC19A
ENSG00000006007	GDE1
ENSG00000174628	IQCK
ENSG00000103550	KNOP1
ENSG00000180269	GPR139
ENSG00000183747	ACSM2A
ENSG00000005187	ACSM3
ENSG00000102897	LYRM1
ENSG00000158486	DNAH3
ENSG00000103310	ZP2
ENSG00000103316	CRYM
ENSG00000155714	PDZD9
ENSG00000185716	MOSMO
ENSG00000134398	ERN2
ENSG00000090905	TNRC6A
ENSG00000140750	ARHGAP17
ENSG00000155666	KDM8
ENSG00000196502	SULT1A1
ENSG00000168488	ATXN2L
ENSG00000177548	RABEP2
ENSG00000213658	LAT
ENSG00000169682	SPNS1
ENSG00000174939	ASPHD1
ENSG00000169592	INO80E
ENSG00000149925	ALDOA
ENSG00000102886	GDPD3
ENSG00000229809	ZNF688
ENSG00000156873	PHKG2
ENSG00000103496	STX4
ENSG00000052344	PRSS8
ENSG00000089280	FUS
ENSG00000140678	ITGAX
ENSG00000197302	KRBOX5
ENSG00000171241	SHCBP1
ENSG00000069329	VPS35
ENSG00000140798	ABCC12
ENSG00000121270	ABCC11
ENSG00000196470	SIAH1
ENSG00000205423	CNEP1R1
ENSG00000167208	SNX20
ENSG00000167207	NOD2
ENSG00000083799	CYLD
ENSG00000103479	RBL2
ENSG00000087258	GNAO1
ENSG00000125124	BBS2
ENSG00000140853	NLRC5
ENSG00000159579	RSPRY1
ENSG00000125170	DOK4
ENSG00000182885	ADGRG3
ENSG00000103037	SETD6
ENSG00000125107	CNOT1
ENSG00000089505	CMTM1
ENSG00000159593	NAE1
ENSG00000102878	HSF4
ENSG00000135740	SLC9A5
ENSG00000168676	KCTD19
ENSG00000159708	LRRC36
ENSG00000102904	TSNAXIP1
ENSG00000102901	CENPT
ENSG00000072736	NFATC3
ENSG00000103067	ESRP2
ENSG00000103064	SLC7A6
ENSG00000168807	SNTB2
ENSG00000103018	CYB5B
ENSG00000103051	COG4
ENSG00000103043	VAC14
ENSG00000157429	ZNF19
ENSG00000198650	TAT
ENSG00000102984	ZNF821
ENSG00000182149	IST1
ENSG00000090863	GLG1
ENSG00000065427	KARS1
ENSG00000152910	CNTNAP4
ENSG00000153815	CMIP
ENSG00000197943	PLCG2
ENSG00000103194	USP10
ENSG00000170832	USP32
ENSG00000153786	ZDHHC7
ENSG00000140941	MAP1LC3B
ENSG00000140948	ZCCHC14
ENSG00000154118	JPH3
ENSG00000174177	CTU2
ENSG00000131165	CHMP1A
ENSG00000141013	GAS8
ENSG00000171861	MRM3
ENSG00000074660	SCARF1
ENSG00000007168	PAFAH1B1
ENSG00000132361	CLUH
ENSG00000167723	TRPV3
ENSG00000127774	EMC6
ENSG00000083457	ITGAE
ENSG00000108405	P2RX1
ENSG00000182557	SPNS3
ENSG00000183018	SPNS2
ENSG00000142484	TM4SF5
ENSG00000108523	RNF167
ENSG00000108515	ENO3
ENSG00000129204	USP6
ENSG00000108559	NUP88
ENSG00000005100	DHX33
ENSG00000132530	XAF1
ENSG00000177294	FBXO39
ENSG00000132535	DLG4
ENSG00000131899	LLGL1
ENSG00000004975	DVL2
ENSG00000161958	FGF11
ENSG00000239697	TNFSF12
ENSG00000179094	PER1
ENSG00000161395	PGAP3
ENSG00000141506	PIK3R5
ENSG00000170222	ADPRM
ENSG00000214946	TBC1D26
ENSG00000141027	NCOR1
ENSG00000171953	ATPAF2
ENSG00000091536	MYO15A
ENSG00000171916	LGALS9C
ENSG00000180638	SLC47A2
ENSG00000109016	DHRS7B
ENSG00000007202	KIAA0100
ENSG00000132581	SDF2
ENSG00000167525	PROCA1
ENSG00000198242	RPL23A
ENSG00000196535	MYO18A
ENSG00000198720	ANKRD13B
ENSG00000141298	SSH2
ENSG00000126653	NSRP1
ENSG00000196712	NF1
ENSG00000172301	COPRS
ENSG00000108733	PEX12
ENSG00000270379	HEATR9
ENSG00000276085	CCL3L3
ENSG00000273611	ZNHIT3
ENSG00000273706	LHX1
ENSG00000277363	SRCIN1
ENSG00000277972	CISD3
ENSG00000276293	PIP4K2B
ENSG00000125691	RPL23
ENSG00000265681	RPL17
ENSG00000002834	LASP1
ENSG00000161381	PLXDC1
ENSG00000141736	ERBB2
ENSG00000108349	CASC3
ENSG00000131746	TNS4
ENSG00000213424	KRT222
ENSG00000141696	P3H4
ENSG00000141698	NT5C3B
ENSG00000168259	DNAJC7
ENSG00000187595	ZNF385C
ENSG00000167925	GHDC
ENSG00000126561	STAT5A
ENSG00000177469	CAVIN1
ENSG00000037042	TUBG2
ENSG00000108797	CNTNAP1
ENSG00000126562	WNK4
ENSG00000176563	CNTD1
ENSG00000012048	BRCA1
ENSG00000108861	DUSP3
ENSG00000161647	MPP3
ENSG00000161664	ASB16
ENSG00000186566	GPATCH8
ENSG00000131095	GFAP
ENSG00000141279	NPEPPS
ENSG00000108465	CDK5RAP3
ENSG00000170703	TTLL6
ENSG00000108813	DLX4
ENSG00000154920	EME1
ENSG00000167107	ACSF2
ENSG00000006282	SPATA20
ENSG00000008294	SPAG9
ENSG00000154975	CA10
ENSG00000141198	TOM1L1
ENSG00000166260	COX11
ENSG00000153933	DGKE
ENSG00000181610	MRPS23
ENSG00000136450	SRSF1
ENSG00000167419	LPO
ENSG00000005379	TSPOAP1
ENSG00000108387	SEPTIN4
ENSG00000068489	PRR11
ENSG00000189050	RNFT1
ENSG00000068097	HEATR6
ENSG00000141376	BCAS3
ENSG00000121075	TBX4
ENSG00000087995	METTL2A
ENSG00000011028	MRC2
ENSG00000136490	LIMD2
ENSG00000258890	CEP95
ENSG00000108854	SMURF2
ENSG00000154229	PRKCA
ENSG00000198265	HELZ
ENSG00000197170	PSMD12
ENSG00000141337	ARSG
ENSG00000154262	ABCA6
ENSG00000154263	ABCA10
ENSG00000154265	ABCA5
ENSG00000108984	MAP2K6
ENSG00000069188	SDK2
ENSG00000172809	RPL38
ENSG00000196169	KIF19
ENSG00000172794	RAB37
ENSG00000161509	GRIN2C
ENSG00000182938	OTOP3
ENSG00000180901	KCTD2
ENSG00000189159	JPT1
ENSG00000177728	TMEM94
ENSG00000161526	SAP30BP
ENSG00000132470	ITGB4
ENSG00000108479	GALK1
ENSG00000214140	PRCD
ENSG00000070526	ST6GALNAC1
ENSG00000167889	MGAT5B
ENSG00000129657	SEC14L1
ENSG00000108669	CYTH1
ENSG00000055483	USP36
ENSG00000181523	SGSH
ENSG00000173821	RNF213
ENSG00000141564	RPTOR
ENSG00000181409	AATK
ENSG00000224877	NDUFAF8
ENSG00000185504	FAAP100
ENSG00000182612	TSPAN10
ENSG00000169733	RFNG
ENSG00000181396	OGFOD3
ENSG00000141556	TBCD
ENSG00000175711	B3GNTL1
ENSG00000132199	ENOSF1
ENSG00000132205	EMILIN2
ENSG00000170579	DLGAP1
ENSG00000154889	MPPE1
ENSG00000176194	CIDEA
ENSG00000134278	SPIRE1
ENSG00000101624	CEP76
ENSG00000177150	FAM210A
ENSG00000134490	TMEM241
ENSG00000053747	LAMA3
ENSG00000112769	LAMA4
ENSG00000154059	IMPACT
ENSG00000141380	SS18
ENSG00000186812	ZNF397
ENSG00000134759	ELP2
ENSG00000132872	SYT4
ENSG00000152234	ATP5F1A
ENSG00000101638	ST8SIA5
ENSG00000196628	TCF4
ENSG00000148737	TCF7L2
ENSG00000049759	NEDD4L
ENSG00000074657	ZNF532
ENSG00000166562	SEC11C
ENSG00000183287	CCBE1
ENSG00000141664	ZCCHC2
ENSG00000206073	SERPINB4
ENSG00000206072	SERPINB11
ENSG00000217707	SERPINB8P1
ENSG00000176225	RTTN
ENSG00000141665	FBXO15
ENSG00000141759	TXNL4A
ENSG00000064687	ABCA7
ENSG00000180448	ARHGAP45
ENSG00000064932	SBNO2
ENSG00000099624	ATP5F1D
ENSG00000099622	CIRBP
ENSG00000071655	MBD3
ENSG00000071564	TCF3
ENSG00000152284	TCF7L1
ENSG00000104904	OAZ1
ENSG00000125912	NCLN
ENSG00000077463	SIRT6
ENSG00000105426	PTPRS
ENSG00000105519	CAPS
ENSG00000163618	CADPS
ENSG00000181240	SLC25A41
ENSG00000125648	SLC25A23
ENSG00000183019	MCEMP1
ENSG00000104980	TIMM44
ENSG00000167775	CD320
ENSG00000233927	RPS28
ENSG00000127445	PIN1
ENSG00000130816	DNMT1
ENSG00000105376	ICAM5
ENSG00000161847	RAVER1
ENSG00000129353	SLC44A2
ENSG00000142453	CARM1
ENSG00000130173	ANGPTL8
ENSG00000197256	KANK2
ENSG00000187266	EPOR
ENSG00000130175	PRKCSH
ENSG00000197857	ZNF44
ENSG00000095059	DHPS
ENSG00000105576	TNPO2
ENSG00000167815	PRDX2
ENSG00000179115	FARSA
ENSG00000123136	DDX39A
ENSG00000160961	ZNF333
ENSG00000105135	ILVBL
ENSG00000167461	RAB8A
ENSG00000127527	EPS15L1
ENSG00000214046	SMIM7
ENSG00000160111	CPAMD8
ENSG00000130313	PGLS
ENSG00000130479	MAP1S
ENSG00000130517	PGPEP1
ENSG00000105656	ELL
ENSG00000105705	SUGP1
ENSG00000105717	PBX4
ENSG00000182141	ZNF708
ENSG00000197134	ZNF257
ENSG00000021488	SLC7A9
ENSG00000121289	CEP89
ENSG00000130876	SLC7A10
ENSG00000166398	GARRE1
ENSG00000161249	DMKN
ENSG00000249115	HAUS5
ENSG00000011590	ZBTB32
ENSG00000161265	U2AF1L4
ENSG00000126246	IGFLR1
ENSG00000004777	ARHGAP33
ENSG00000161270	NPHS1
ENSG00000239382	ALKBH6
ENSG00000105270	CLIP3
ENSG00000075702	WDR62
ENSG00000196357	ZNF565
ENSG00000197808	ZNF461
ENSG00000189144	ZNF573
ENSG00000182472	CAPN12
ENSG00000104824	HNRNPL
ENSG00000090932	DLL3
ENSG00000105202	FBL
ENSG00000197782	ZNF780A
ENSG00000160460	SPTBN4
ENSG00000123815	COQ8B
ENSG00000255974	CYP2A6
ENSG00000105323	HNRNPUL1
ENSG00000105329	TGFB1
ENSG00000007129	CEACAM21
ENSG00000170956	CEACAM3
ENSG00000076928	ARHGEF1
ENSG00000105737	GRIK5
ENSG00000079385	CEACAM1
ENSG00000176531	PHLDB3
ENSG00000278318	ZNF229
ENSG00000167384	ZNF180
ENSG00000104892	KLC3
ENSG00000213889	PPM1N
ENSG00000125746	EML2
ENSG00000125755	SYMPK
ENSG00000124440	HIF3A
ENSG00000182013	PNMA8A
ENSG00000105402	NAPA
ENSG00000131400	NAPSA
ENSG00000178980	SELENOW
ENSG00000105392	CRX
ENSG00000105486	LIG1
ENSG00000144749	LRIG1
ENSG00000105483	CARD8
ENSG00000063176	SPHK2
ENSG00000182264	IZUMO1
ENSG00000174951	FUT1
ENSG00000183207	RUVBL2
ENSG00000177380	PPFIA3
ENSG00000104894	CD37
ENSG00000142541	RPL13A
ENSG00000126457	PRMT1
ENSG00000224420	ADM5
ENSG00000039650	PNKP
ENSG00000104946	TBC1D17
ENSG00000104951	IL4I1
ENSG00000161652	IZUMO2
ENSG00000167751	KLK2
ENSG00000167755	KLK6
ENSG00000167748	KLK1
ENSG00000129455	KLK8
ENSG00000167757	KLK11
ENSG00000167759	KLK13
ENSG00000186806	VSIG10L
ENSG00000182310	SPACA6
ENSG00000198482	ZNF808
ENSG00000213020	ZNF611
ENSG00000182986	ZNF320
ENSG00000196417	ZNF765
ENSG00000167608	TMC4
ENSG00000125505	MBOAT7
ENSG00000131042	LILRB2
ENSG00000167614	TTYH1
ENSG00000104970	KIR3DX1
ENSG00000104974	LILRA1
ENSG00000131037	EPS8L1
ENSG00000129990	SYT5
ENSG00000180061	TMEM150B
ENSG00000133247	KMT5C
ENSG00000179873	NLRP11
ENSG00000018869	ZNF582
ENSG00000256060	TRAPPC2B
ENSG00000251369	ZNF550
ENSG00000121410	A1BG
ENSG00000099326	MZF1
ENSG00000125875	TBC1D20
ENSG00000196209	SIRPB2
ENSG00000089012	SIRPG
ENSG00000125834	STK35
ENSG00000101361	NOP56
ENSG00000125877	ITPA
ENSG00000101224	CDC25B
ENSG00000125779	PANK2
ENSG00000101333	PLCB4
ENSG00000101349	PAK5
ENSG00000101251	SEL1L2
ENSG00000172264	MACROD2
ENSG00000125871	MGME1
ENSG00000232838	PET117
ENSG00000149474	KAT14
ENSG00000132664	POLR3F
ENSG00000132669	RIN2
ENSG00000131044	TTLL9
ENSG00000197183	NOL4L
ENSG00000198547	C20orf203
ENSG00000131059	BPIFA3
ENSG00000131061	ZNF341
ENSG00000101019	UQCC1
ENSG00000125991	ERGIC3
ENSG00000149636	DSN1
ENSG00000197122	SRC
ENSG00000198959	TGM2
ENSG00000182035	ADIG
ENSG00000101049	SGK2
ENSG00000104205	SGK3
ENSG00000124191	TOX2
ENSG00000101076	HNF4A
ENSG00000166913	YWHAB
ENSG00000101040	ZMYND8
ENSG00000196562	SULF2
ENSG00000124212	PTGIS
ENSG00000101138	CSTF1
ENSG00000087589	CASS4
ENSG00000124222	STX16
ENSG00000215440	NPEPL1
ENSG00000087460	GNAS
ENSG00000130702	LAMA5
ENSG00000092758	COL9A3
ENSG00000101203	COL20A1
ENSG00000101204	CHRNA4
ENSG00000130589	HELZ2
ENSG00000125520	SLC2A4RG
ENSG00000185272	RBM11
ENSG00000156256	USP16
ENSG00000143258	USP21
ENSG00000156261	CCT8
ENSG00000156265	MAP3K7CL
ENSG00000159086	PAXBP1
ENSG00000142188	TMEM50B
ENSG00000159131	GART
ENSG00000159216	RUNX1
ENSG00000157538	VPS26C
ENSG00000157540	DYRK1A
ENSG00000157554	ERG
ENSG00000183527	PSMG1
ENSG00000182093	GET1
ENSG00000183486	MX2
ENSG00000141956	PRDM15
ENSG00000160183	TMPRSS3
ENSG00000137648	TMPRSS4
ENSG00000160190	SLC37A1
ENSG00000160201	U2AF1
ENSG00000160209	PDXK
ENSG00000160218	TRAPPC10
ENSG00000160226	CFAP410
ENSG00000142185	TRPM2
ENSG00000184787	UBE2G2
ENSG00000197381	ADARB1
ENSG00000142156	COL6A1
ENSG00000160282	FTCD
ENSG00000093072	ADA2
ENSG00000100033	PRODH
ENSG00000070413	DGCR2
ENSG00000070371	CLTCL1
ENSG00000070010	UFD1
ENSG00000128191	DGCR8
ENSG00000099957	P2RX6
ENSG00000161179	YDJC
ENSG00000275004	ZNF280B
ENSG00000100028	SNRPD3
ENSG00000100077	GRK3
ENSG00000133454	MYO18B
ENSG00000169184	MN1
ENSG00000183765	CHEK2
ENSG00000186575	NF2
ENSG00000239282	CASTOR1
ENSG00000100003	SEC14L2
ENSG00000198089	SFI1
ENSG00000241878	PISD
ENSG00000198089	SFI1
ENSG00000128253	RFPL2
ENSG00000100225	FBXO7
ENSG00000133424	LARGE1
ENSG00000100055	CYTH4
ENSG00000198792	TMEM184B
ENSG00000100201	DDX17
ENSG00000100211	CBY1
ENSG00000221890	NPTXR
ENSG00000100316	RPL3
ENSG00000133477	FAM83F
ENSG00000128285	MCHR1
ENSG00000100372	SLC25A17
ENSG00000100395	L3MBTL2
ENSG00000198911	SREBF2
ENSG00000183066	WBP2NL
ENSG00000100197	CYP2D6
ENSG00000100227	POLDIP3
ENSG00000100271	TTLL1
ENSG00000186976	EFCAB6
ENSG00000241484	ARHGAP8
ENSG00000100364	KIAA0930
ENSG00000186951	PPARA
ENSG00000205643	CDPF1
ENSG00000075218	GTSE1
ENSG00000100416	TRMU
ENSG00000100422	CERK
ENSG00000184164	CRELD2
ENSG00000073146	MOV10L1
ENSG00000100429	HDAC10
ENSG00000177989	ODF3B
ENSG00000100288	CHKB
ENSG00000008735	MAPK8IP2
ENSG00000124343	XG
ENSG00000006756	ARSD
ENSG00000165192	ASB11
ENSG00000165197	VEGFD
ENSG00000182220	ATP6AP2
ENSG00000180182	MED14
ENSG00000215301	DDX3X
ENSG00000130985	UBA1
ENSG00000102226	USP11
ENSG00000068354	TBC1D25
ENSG00000101940	WDR13
ENSG00000094631	HDAC6
ENSG00000154545	MAGED4
ENSG00000204379	XAGE1A
ENSG00000204382	XAGE1B
ENSG00000102349	KLF8
ENSG00000204271	SPIN3
ENSG00000158813	EDA
ENSG00000147164	SNX12
ENSG00000196338	NLGN3
ENSG00000147133	TAF1
ENSG00000242732	RTL5
ENSG00000147099	HDAC8
ENSG00000184911	DMRTC1B
ENSG00000269502	DMRTC1
ENSG00000050030	NEXMIF
ENSG00000131171	SH3BGRL
ENSG00000126950	TMEM35A
ENSG00000196440	ARMCX4
ENSG00000123562	MORF4L2
ENSG00000101843	PSMD10
ENSG00000101844	ATG4A
ENSG00000197565	COL4A6
ENSG00000188153	COL4A5
ENSG00000243978	RTL9
ENSG00000018610	STEEP1
ENSG00000198918	RPL39
ENSG00000125676	THOC2
ENSG00000101966	XIAP
ENSG00000156709	AIFM1
ENSG00000101928	MOSPD1
ENSG00000203950	RTL8A
ENSG00000147274	RBMX
ENSG00000182195	LDOC1
ENSG00000268902	CSAG2
ENSG00000183305	MAGEA2B
ENSG00000130822	PNCK
ENSG00000169057	MECP2
ENSG00000203879	GDI1
ENSG00000160219	GAB3
ENSG00000180574	EIF2S3L
ENSG00000196126	HLA-DRB1
ENSG00000196735	HLA-DQA1
